{
    "Accuracy": 0.78125,
    "Balanced Accuracy": 0.7818063395570993,
    "Precision": 0.76,
    "Recall": 0.8085106382978723,
    "F1": 0.7835051546391752,
    "ROC AUC": 0.8076422058184975,
    "PR AUC (Average Precision)": 0.7534107468797022,
    "Log Loss": 0.5771170127602435,
    "Brier Score": 0.19590336293237728
}